{"cameraMode":{"drawMode":0,"name":"Shaded","section":"Shading Mode"},"sceneLighting":false,"audioPlay":false,"sceneViewState":{"showFog":false,"showMaterialUpdate":false,"showSkybox":false,"showFlares":false,"showImageEffects":false,"showParticleSystems":false},"in2DMode":false,"pivot":{"x":128.92054748535157,"y":7.826566219329834,"z":79.38533020019531},"rotation":{"x":-0.077778160572052,"y":-0.15665677189826966,"z":0.018730755895376207,"w":-0.984919011592865},"size":12.673020362854004,"orthographic":false}