{"cameraMode":{"drawMode":0,"name":"Shaded","section":"Shading Mode"},"sceneLighting":true,"audioPlay":false,"sceneViewState":{"showFog":true,"showMaterialUpdate":true,"showSkybox":true,"showFlares":true,"showImageEffects":true,"showParticleSystems":true},"in2DMode":false,"pivot":{"x":-0.008189678192138672,"y":23.63442611694336,"z":-0.026018381118774415},"rotation":{"x":-0.013617546297609806,"y":-0.9524257779121399,"z":0.3028194010257721,"w":-0.04533970728516579},"size":140.64801025390626,"orthographic":false}