{"cameraMode":{"drawMode":0,"name":"Shaded","section":"Shading Mode"},"sceneLighting":false,"audioPlay":false,"sceneViewState":{"showFog":false,"showMaterialUpdate":false,"showSkybox":false,"showFlares":false,"showImageEffects":false,"showParticleSystems":false},"in2DMode":false,"pivot":{"x":0.0,"y":-2.205174446105957,"z":1.364498496055603},"rotation":{"x":0.29125192761421206,"y":-0.05833488330245018,"z":0.014486473053693772,"w":0.9550347924232483},"size":11.608010292053223,"orthographic":false}