{"cameraMode":{"drawMode":0,"name":"Shaded","section":"Shading Mode"},"sceneLighting":true,"audioPlay":false,"sceneViewState":{"showFog":false,"showMaterialUpdate":false,"showSkybox":false,"showFlares":false,"showImageEffects":false,"showParticleSystems":false},"in2DMode":false,"pivot":{"x":-58.941471099853519,"y":15.17735767364502,"z":-1714.9599609375},"rotation":{"x":0.3030109107494354,"y":-0.4368745684623718,"z":0.13597844541072846,"w":0.8371604681015015},"size":131.84051513671876,"orthographic":false}