{"cameraMode":{"drawMode":0,"name":"Shaded","section":"Shading Mode"},"sceneLighting":false,"audioPlay":false,"sceneViewState":{"showFog":false,"showMaterialUpdate":false,"showSkybox":false,"showFlares":false,"showImageEffects":false,"showParticleSystems":false},"in2DMode":false,"pivot":{"x":0.8861818313598633,"y":0.0460662841796875,"z":-740.2051391601563},"rotation":{"x":0.30732354521751406,"y":0.008813788183033467,"z":-0.0068290079943835739,"w":0.9519551992416382},"size":75.367919921875,"orthographic":false}