{"cameraMode":{"drawMode":0,"name":"Shaded","section":"Shading Mode"},"sceneLighting":false,"audioPlay":false,"sceneViewState":{"showFog":false,"showMaterialUpdate":false,"showSkybox":false,"showFlares":false,"showImageEffects":false,"showParticleSystems":false},"in2DMode":false,"pivot":{"x":-3.2277731895446779,"y":2.6101136207580568,"z":-0.5981553196907044},"rotation":{"x":0.2918943464756012,"y":-0.06578757613897324,"z":0.0065606036223471169,"w":0.954986572265625},"size":3.419349431991577,"orthographic":false}