{"cameraMode":{"drawMode":0,"name":"Shaded","section":"Shading Mode"},"sceneLighting":false,"audioPlay":false,"sceneViewState":{"showFog":false,"showMaterialUpdate":false,"showSkybox":false,"showFlares":false,"showImageEffects":false,"showParticleSystems":false},"in2DMode":false,"pivot":{"x":234.80056762695313,"y":11.8939208984375,"z":1217.67041015625},"rotation":{"x":0.40383148193359377,"y":0.34509843587875368,"z":-0.16972997784614564,"w":0.8303472399711609},"size":544.1704711914063,"orthographic":false}