{"cameraMode":{"drawMode":0,"name":"Shaded","section":"Shading Mode"},"sceneLighting":true,"audioPlay":false,"sceneViewState":{"showFog":false,"showMaterialUpdate":false,"showSkybox":false,"showFlares":false,"showImageEffects":false,"showParticleSystems":false},"in2DMode":false,"pivot":{"x":-1.4492473602294922,"y":-28.694137573242189,"z":-41.72315979003906},"rotation":{"x":-0.46363702416419985,"y":0.09256869554519654,"z":-0.04795849695801735,"w":-0.8800435662269592},"size":126.30926513671875,"orthographic":false}