{"cameraMode":{"drawMode":0,"name":"Shaded","section":"Shading Mode"},"sceneLighting":true,"audioPlay":false,"sceneViewState":{"showFog":true,"showMaterialUpdate":true,"showSkybox":true,"showFlares":true,"showImageEffects":true,"showParticleSystems":true},"in2DMode":false,"pivot":{"x":-42.44105529785156,"y":41.2353515625,"z":-781.3016357421875},"rotation":{"x":-0.11460097134113312,"y":0.3149947226047516,"z":-0.031187115237116815,"w":-0.9421714544296265},"size":145.1632080078125,"orthographic":false}