{"cameraMode":{"drawMode":0,"name":"Shaded","section":"Shading Mode"},"sceneLighting":false,"audioPlay":false,"sceneViewState":{"showFog":false,"showMaterialUpdate":false,"showSkybox":false,"showFlares":false,"showImageEffects":false,"showParticleSystems":false},"in2DMode":false,"pivot":{"x":109.1307373046875,"y":-1211.7266845703125,"z":-117.05859375},"rotation":{"x":-0.5740174055099487,"y":-0.20213903486728669,"z":0.15453004837036134,"w":-0.7787760496139526},"size":956.8770751953125,"orthographic":false}