{"cameraMode":{"drawMode":0,"name":"Shaded","section":"Shading Mode"},"sceneLighting":false,"audioPlay":false,"sceneViewState":{"showFog":true,"showMaterialUpdate":true,"showSkybox":true,"showFlares":true,"showImageEffects":true,"showParticleSystems":true},"in2DMode":false,"pivot":{"x":-79.35038757324219,"y":-109.2891845703125,"z":1287.3411865234375},"rotation":{"x":0.1601576954126358,"y":0.002223784103989601,"z":-0.001905538490973413,"w":0.9873784780502319},"size":820.9060668945313,"orthographic":false}