{"cameraMode":{"drawMode":0,"name":"Shaded","section":"Shading Mode"},"sceneLighting":false,"audioPlay":false,"sceneViewState":{"showFog":false,"showMaterialUpdate":false,"showSkybox":false,"showFlares":false,"showImageEffects":false,"showParticleSystems":false},"in2DMode":false,"pivot":{"x":0.0,"y":-0.8829002380371094,"z":1.0182499885559083},"rotation":{"x":0.29125192761421206,"y":-0.05833488330245018,"z":0.014486473053693772,"w":0.9550347924232483},"size":4.236362934112549,"orthographic":false}