{"cameraMode":{"drawMode":0,"name":"Shaded","section":"Shading Mode"},"sceneLighting":false,"audioPlay":false,"sceneViewState":{"showFog":false,"showMaterialUpdate":false,"showSkybox":false,"showFlares":false,"showImageEffects":false,"showParticleSystems":false},"in2DMode":false,"pivot":{"x":-946.6190185546875,"y":1283.6953125,"z":7925.2783203125},"rotation":{"x":0.14963175356388093,"y":-0.18091456592082978,"z":0.014820422977209092,"w":0.9728071093559265},"size":5277.09619140625,"orthographic":false}