{"cameraMode":{"drawMode":0,"name":"Shaded","section":"Shading Mode"},"sceneLighting":false,"audioPlay":false,"sceneViewState":{"showFog":false,"showMaterialUpdate":false,"showSkybox":false,"showFlares":false,"showImageEffects":false,"showParticleSystems":false},"in2DMode":false,"pivot":{"x":-3999.51708984375,"y":-9642.0546875,"z":10122.0888671875},"rotation":{"x":0.34682217240333559,"y":-0.13342134654521943,"z":0.03676820918917656,"w":0.9284871816635132},"size":11516.302734375,"orthographic":false}