{"cameraMode":{"drawMode":0,"name":"Shaded","section":"Shading Mode"},"sceneLighting":true,"audioPlay":false,"sceneViewState":{"showFog":false,"showMaterialUpdate":false,"showSkybox":false,"showFlares":false,"showImageEffects":false,"showParticleSystems":false},"in2DMode":false,"pivot":{"x":0.58278489112854,"y":49.219791412353519,"z":-73.57164764404297},"rotation":{"x":-0.399849534034729,"y":0.009342498145997525,"z":-0.003260331694036722,"w":-0.9166688919067383},"size":51.7122802734375,"orthographic":false}