{"cameraMode":{"drawMode":0,"name":"Shaded","section":"Shading Mode"},"sceneLighting":false,"audioPlay":false,"sceneViewState":{"showFog":false,"showMaterialUpdate":false,"showSkybox":false,"showFlares":false,"showImageEffects":false,"showParticleSystems":false},"in2DMode":false,"pivot":{"x":-347.0588073730469,"y":-863.6519775390625,"z":534.1297607421875},"rotation":{"x":0.3718089461326599,"y":-0.14854449033737184,"z":0.05863756313920021,"w":0.9147212505340576},"size":1028.95947265625,"orthographic":false}