{"cameraMode":{"drawMode":0,"name":"Shaded","section":"Shading Mode"},"sceneLighting":false,"audioPlay":false,"sceneViewState":{"showFog":false,"showMaterialUpdate":false,"showSkybox":false,"showFlares":false,"showImageEffects":false,"showParticleSystems":false},"in2DMode":false,"pivot":{"x":0.0,"y":-3.0999999046325685,"z":-754.2000122070313},"rotation":{"x":0.4608641564846039,"y":-0.007127118296921253,"z":-0.00026334746507927775,"w":0.8877582550048828},"size":65.9504623413086,"orthographic":false}