{"cameraMode":{"drawMode":0,"name":"Shaded","section":"Shading Mode"},"sceneLighting":true,"audioPlay":false,"sceneViewState":{"showFog":false,"showMaterialUpdate":false,"showSkybox":false,"showFlares":false,"showImageEffects":false,"showParticleSystems":false},"in2DMode":false,"pivot":{"x":738.5681762695313,"y":-127.04522705078125,"z":379.5912170410156},"rotation":{"x":0.3163483142852783,"y":-0.01505760196596384,"z":0.0049928356893360619,"w":0.9485713243484497},"size":395.56842041015627,"orthographic":false}