{"cameraMode":{"drawMode":0,"name":"Shaded","section":"Shading Mode"},"sceneLighting":false,"audioPlay":false,"sceneViewState":{"showFog":false,"showMaterialUpdate":false,"showSkybox":false,"showFlares":false,"showImageEffects":false,"showParticleSystems":false},"in2DMode":false,"pivot":{"x":75.17440032958985,"y":2.0128002166748049,"z":-753.8543701171875},"rotation":{"x":0.3215709328651428,"y":-0.2611369490623474,"z":0.09146849066019058,"w":0.9057865142822266},"size":531.4699096679688,"orthographic":false}