{"cameraMode":{"drawMode":0,"name":"Shaded","section":"Shading Mode"},"sceneLighting":true,"audioPlay":false,"sceneViewState":{"showFog":false,"showMaterialUpdate":false,"showSkybox":false,"showFlares":false,"showImageEffects":false,"showParticleSystems":false},"in2DMode":false,"pivot":{"x":669.460205078125,"y":-122.68215942382813,"z":726.1105346679688},"rotation":{"x":-0.16657572984695435,"y":0.031131984665989877,"z":-0.0047361296601593498,"w":-0.9856680035591126},"size":432.2028503417969,"orthographic":false}